
--*********************************************************************************************************************--
--                                     CONFIG SCRIPT BUILDER                                                           --
--Project :                            Created:Mar 22, 2017                   Author:                                  --
--*********************************************************************************************************************--

--CE002PB--
DELETE FROM CE002PB WHERE LINKNAME = 'AUTH_ENGINE_LINK';
--INSERT INTO CE002PB( LINKNAME, NAME, VALUE) VALUES ( 'AUTH_ENGINE_LINK','DBLinkName',null );
--INSERT INTO CE002PB( LINKNAME, NAME, VALUE) VALUES ( 'AUTH_ENGINE_LINK','DebugLevel','1' );
--INSERT INTO CE002PB( LINKNAME, NAME, VALUE) VALUES ( 'AUTH_ENGINE_LINK','InputDelimiter','|' );
--INSERT INTO CE002PB( LINKNAME, NAME, VALUE) VALUES ( 'AUTH_ENGINE_LINK','LogTabName','CA300HB' );
--INSERT INTO CE002PB( LINKNAME, NAME, VALUE) VALUES ( 'AUTH_ENGINE_LINK','OutputDelimiter','~*' );
--INSERT INTO CE002PB( LINKNAME, NAME, VALUE) VALUES ( 'AUTH_ENGINE_LINK','PoolName','IIPoolDS' );
--INSERT INTO CE002PB( LINKNAME, NAME, VALUE) VALUES ( 'AUTH_ENGINE_LINK','Protocol','DBEngine' );

INSERT INTO CE002PB( LINKNAME, NAME, VALUE) VALUES ( 'AUTH_ENGINE_LINK','Address','192.168.95.11' );
INSERT INTO CE002PB( LINKNAME, NAME, VALUE) VALUES ( 'AUTH_ENGINE_LINK','Connection','EVERY' );
INSERT INTO CE002PB( LINKNAME, NAME, VALUE) VALUES ( 'AUTH_ENGINE_LINK','DebugLevel','1' );
INSERT INTO CE002PB( LINKNAME, NAME, VALUE) VALUES ( 'AUTH_ENGINE_LINK','LogTabName','CA300HB' );
INSERT INTO CE002PB( LINKNAME, NAME, VALUE) VALUES ( 'AUTH_ENGINE_LINK','Port','15001' );
INSERT INTO CE002PB( LINKNAME, NAME, VALUE) VALUES ( 'AUTH_ENGINE_LINK','Protocol','Socket' );


--CEDIALOG--
DELETE FROM CEDIALOG WHERE DESTINATIONID = 'AUTH_DEST_ID';
--INSERT INTO CEDIALOG( DESTINATIONID, LINKNAME, METHODNAME, APPLICATIONROUTINGHDR, DIALOGMODE, MOREINDICATORMETHOD, SENDSTRINGTYPE, SENDSTRING, RECVSTRINGTYPE, RECVSTRING, HANDSHAKEREQUEST, DEST_DESCRIPTION) VALUES ( 'AUTH_DEST_ID','AUTH_ENGINE_LINK','AUTH_ENGINE_PROC','IN:VARCHAR2~*OUT:VARCHAR2','N',null,null,null,null,null,null,null );
INSERT INTO CEDIALOG( DESTINATIONID, LINKNAME, METHODNAME, APPLICATIONROUTINGHDR, DIALOGMODE, MOREINDICATORMETHOD, SENDSTRINGTYPE, SENDSTRING, RECVSTRINGTYPE, RECVSTRING, HANDSHAKEREQUEST, DEST_DESCRIPTION) VALUES ( 'AUTH_DEST_ID','AUTH_ENGINE_LINK',null,null,'N',null,null,null,null,null,null,null );

--ML005MB REQUEST--
DELETE FROM ML005MB WHERE FIELD_MAP_ID = 'NPCI_AUTH_REQ_MAP_ID';
INSERT INTO ML005MB( FIELD_MAP_ID, MAPPED_FIELD_REFERENCE, DESCRIPTION, SEQ_NO, INFMT_ID, OUTFMT_ID) VALUES ( 'NPCI_AUTH_REQ_MAP_ID','NPCI_AUTH_REQ_OUT_COMP-NPCI_AUTH_REQ_IN_COMP,process_AUTH-process_AUTH,MTI-MTI,Pan-Pan,processing_code-processing_code,amount-amount,Transm_Date_time-Transm_Date_time,Stan-Stan,time-Transm_Date_time,date-Transm_Date_time,merchant_type-merchant_type,terminal_id-terminal_id,currency_code-currency_code,pos_data_code-pos_data_code,Rbd-Rbd,ts-ts,ci-ci,Bios-Bios,Bio-Bio,posh-posh,Bio_VALUE-Bio_VALUE',null,1,'NPCI_AUTH_REQ_IN','NPCI_AUTH_REQ_OUT' );

--ML005MB RESPONSE--
DELETE FROM ML005MB WHERE FIELD_MAP_ID = 'NPCI_AUTH_RES_MAP_ID';
INSERT INTO ML005MB( FIELD_MAP_ID, MAPPED_FIELD_REFERENCE, DESCRIPTION, SEQ_NO, INFMT_ID, OUTFMT_ID) VALUES ( 'NPCI_AUTH_RES_MAP_ID','NPCI_AUTH_RES_OUT_COMP-NPCI_AUTH_RES_IN_COMP,process_AUTHResult-process_AUTHResult,MTI-MTI,Pan-Pan,processing_code-processing_code,amount-amount,Transm_Date_time-Transm_Date_time,Stan-Stan,time-time,date-date,Settlementdate-Settlementdate,fees-fees,YearDateStan-YearDateStan,ResponseCode-ResponseCode,ResponseDesc-ResponseCode,terminal_id-terminal_id,CardAcceptorIdCode-CardAcceptorIdCode,AuthID-AuthID,currency_code-currency_code,AdditionalTags-AdditionalTags',null,1,'NPCI_AUTH_RES_IN','NPCI_AUTH_RES_OUT' );

--ML004MB REQUEST_IN--
DELETE FROM ML004MB WHERE TRAN_FMT_ID = 'NPCI_AUTH_REQ_IN';
INSERT INTO ML004MB( TRAN_FMT_ID, FMT_ID, FIELD_ID, FIELD_TYPE, FIXED_LENGTH, MIN_LENGTH, MAX_LENGTH, PRE_RULE_ID, POST_RULE_ID, DEFAULT_VALUE, USER_EXIT_NAME, GROUP_NAME_FIELD, GROUP_LENGTH_FIELD, GROUP_ITERATION_FIELD, GROUP_LENGTH, PAD_CHARACTER, DESCRIPTION, LOV_ID, RULE_PARAMETER, FIELD_DATA_TYPE, FIELD_DATA_SIZE) VALUES ( 'NPCI_AUTH_REQ_IN','Bio','Bio_VALUE','ALPHA','N','0',null,null,null,'null',null,'N','N','N',null,null,null,null,null,null,null );
INSERT INTO ML004MB( TRAN_FMT_ID, FMT_ID, FIELD_ID, FIELD_TYPE, FIXED_LENGTH, MIN_LENGTH, MAX_LENGTH, PRE_RULE_ID, POST_RULE_ID, DEFAULT_VALUE, USER_EXIT_NAME, GROUP_NAME_FIELD, GROUP_LENGTH_FIELD, GROUP_ITERATION_FIELD, GROUP_LENGTH, PAD_CHARACTER, DESCRIPTION, LOV_ID, RULE_PARAMETER, FIELD_DATA_TYPE, FIELD_DATA_SIZE) VALUES ( 'NPCI_AUTH_REQ_IN','process_AUTH','MTI','CONSTANT','N','0',null,null,null,'0200',null,'N','N','N',null,null,null,null,null,null,null );
INSERT INTO ML004MB( TRAN_FMT_ID, FMT_ID, FIELD_ID, FIELD_TYPE, FIXED_LENGTH, MIN_LENGTH, MAX_LENGTH, PRE_RULE_ID, POST_RULE_ID, DEFAULT_VALUE, USER_EXIT_NAME, GROUP_NAME_FIELD, GROUP_LENGTH_FIELD, GROUP_ITERATION_FIELD, GROUP_LENGTH, PAD_CHARACTER, DESCRIPTION, LOV_ID, RULE_PARAMETER, FIELD_DATA_TYPE, FIELD_DATA_SIZE) VALUES ( 'NPCI_AUTH_REQ_IN','process_AUTH','Pan','ALPHA','N','0',null,null,null,'null',null,'N','N','N',null,null,null,null,null,null,null );
INSERT INTO ML004MB( TRAN_FMT_ID, FMT_ID, FIELD_ID, FIELD_TYPE, FIXED_LENGTH, MIN_LENGTH, MAX_LENGTH, PRE_RULE_ID, POST_RULE_ID, DEFAULT_VALUE, USER_EXIT_NAME, GROUP_NAME_FIELD, GROUP_LENGTH_FIELD, GROUP_ITERATION_FIELD, GROUP_LENGTH, PAD_CHARACTER, DESCRIPTION, LOV_ID, RULE_PARAMETER, FIELD_DATA_TYPE, FIELD_DATA_SIZE) VALUES ( 'NPCI_AUTH_REQ_IN','process_AUTH','Stan','ALPHA','N','0',null,null,null,'null',null,'N','N','N',null,null,null,null,null,null,null );
INSERT INTO ML004MB( TRAN_FMT_ID, FMT_ID, FIELD_ID, FIELD_TYPE, FIXED_LENGTH, MIN_LENGTH, MAX_LENGTH, PRE_RULE_ID, POST_RULE_ID, DEFAULT_VALUE, USER_EXIT_NAME, GROUP_NAME_FIELD, GROUP_LENGTH_FIELD, GROUP_ITERATION_FIELD, GROUP_LENGTH, PAD_CHARACTER, DESCRIPTION, LOV_ID, RULE_PARAMETER, FIELD_DATA_TYPE, FIELD_DATA_SIZE) VALUES ( 'NPCI_AUTH_REQ_IN','process_AUTH','Transm_Date_time','ALPHA','N','0',null,null,null,'null',null,'N','N','N',null,null,null,null,null,null,null );
INSERT INTO ML004MB( TRAN_FMT_ID, FMT_ID, FIELD_ID, FIELD_TYPE, FIXED_LENGTH, MIN_LENGTH, MAX_LENGTH, PRE_RULE_ID, POST_RULE_ID, DEFAULT_VALUE, USER_EXIT_NAME, GROUP_NAME_FIELD, GROUP_LENGTH_FIELD, GROUP_ITERATION_FIELD, GROUP_LENGTH, PAD_CHARACTER, DESCRIPTION, LOV_ID, RULE_PARAMETER, FIELD_DATA_TYPE, FIELD_DATA_SIZE) VALUES ( 'NPCI_AUTH_REQ_IN','Rbd','ac','CONSTANT','N','0',null,null,null,'STGUSFB001',null,'N','N','N',null,null,null,null,null,null,null );
INSERT INTO ML004MB( TRAN_FMT_ID, FMT_ID, FIELD_ID, FIELD_TYPE, FIXED_LENGTH, MIN_LENGTH, MAX_LENGTH, PRE_RULE_ID, POST_RULE_ID, DEFAULT_VALUE, USER_EXIT_NAME, GROUP_NAME_FIELD, GROUP_LENGTH_FIELD, GROUP_ITERATION_FIELD, GROUP_LENGTH, PAD_CHARACTER, DESCRIPTION, LOV_ID, RULE_PARAMETER, FIELD_DATA_TYPE, FIELD_DATA_SIZE) VALUES ( 'NPCI_AUTH_REQ_IN','process_AUTH','amount','CONSTANT','N','0',null,null,null,'000000000000',null,'N','N','N',null,null,null,null,null,null,null );
INSERT INTO ML004MB( TRAN_FMT_ID, FMT_ID, FIELD_ID, FIELD_TYPE, FIXED_LENGTH, MIN_LENGTH, MAX_LENGTH, PRE_RULE_ID, POST_RULE_ID, DEFAULT_VALUE, USER_EXIT_NAME, GROUP_NAME_FIELD, GROUP_LENGTH_FIELD, GROUP_ITERATION_FIELD, GROUP_LENGTH, PAD_CHARACTER, DESCRIPTION, LOV_ID, RULE_PARAMETER, FIELD_DATA_TYPE, FIELD_DATA_SIZE) VALUES ( 'NPCI_AUTH_REQ_IN','Rbd','ci','CONSTANT','N','0',null,null,null,'20170227',null,'N','N','N',null,null,null,null,null,null,null );
INSERT INTO ML004MB( TRAN_FMT_ID, FMT_ID, FIELD_ID, FIELD_TYPE, FIXED_LENGTH, MIN_LENGTH, MAX_LENGTH, PRE_RULE_ID, POST_RULE_ID, DEFAULT_VALUE, USER_EXIT_NAME, GROUP_NAME_FIELD, GROUP_LENGTH_FIELD, GROUP_ITERATION_FIELD, GROUP_LENGTH, PAD_CHARACTER, DESCRIPTION, LOV_ID, RULE_PARAMETER, FIELD_DATA_TYPE, FIELD_DATA_SIZE) VALUES ( 'NPCI_AUTH_REQ_IN','process_AUTH','currency_code','CONSTANT','N','0',null,null,null,'356',null,'N','N','N',null,null,null,null,null,null,null );
INSERT INTO ML004MB( TRAN_FMT_ID, FMT_ID, FIELD_ID, FIELD_TYPE, FIXED_LENGTH, MIN_LENGTH, MAX_LENGTH, PRE_RULE_ID, POST_RULE_ID, DEFAULT_VALUE, USER_EXIT_NAME, GROUP_NAME_FIELD, GROUP_LENGTH_FIELD, GROUP_ITERATION_FIELD, GROUP_LENGTH, PAD_CHARACTER, DESCRIPTION, LOV_ID, RULE_PARAMETER, FIELD_DATA_TYPE, FIELD_DATA_SIZE) VALUES ( 'NPCI_AUTH_REQ_IN','process_AUTH','date','ALPHA','N','0','4','LCHARTRIM',null,'null',null,'N','N','N',null,null,null,null,null,null,null );
INSERT INTO ML004MB( TRAN_FMT_ID, FMT_ID, FIELD_ID, FIELD_TYPE, FIXED_LENGTH, MIN_LENGTH, MAX_LENGTH, PRE_RULE_ID, POST_RULE_ID, DEFAULT_VALUE, USER_EXIT_NAME, GROUP_NAME_FIELD, GROUP_LENGTH_FIELD, GROUP_ITERATION_FIELD, GROUP_LENGTH, PAD_CHARACTER, DESCRIPTION, LOV_ID, RULE_PARAMETER, FIELD_DATA_TYPE, FIELD_DATA_SIZE) VALUES ( 'NPCI_AUTH_REQ_IN','Rbd','lk','CONSTANT','N','0',null,null,null,'MB6a8icE7wk_NCjrhBh0ItWhm9D7Um2lUYFfDsxQg0WSoOBvcNKzGOA',null,'N','N','N',null,null,null,null,null,null,null );
INSERT INTO ML004MB( TRAN_FMT_ID, FMT_ID, FIELD_ID, FIELD_TYPE, FIXED_LENGTH, MIN_LENGTH, MAX_LENGTH, PRE_RULE_ID, POST_RULE_ID, DEFAULT_VALUE, USER_EXIT_NAME, GROUP_NAME_FIELD, GROUP_LENGTH_FIELD, GROUP_ITERATION_FIELD, GROUP_LENGTH, PAD_CHARACTER, DESCRIPTION, LOV_ID, RULE_PARAMETER, FIELD_DATA_TYPE, FIELD_DATA_SIZE) VALUES ( 'NPCI_AUTH_REQ_IN','process_AUTH','merchant_type','CONSTANT','N','0',null,null,null,'6012',null,'N','N','N',null,null,null,null,null,null,null );
INSERT INTO ML004MB( TRAN_FMT_ID, FMT_ID, FIELD_ID, FIELD_TYPE, FIXED_LENGTH, MIN_LENGTH, MAX_LENGTH, PRE_RULE_ID, POST_RULE_ID, DEFAULT_VALUE, USER_EXIT_NAME, GROUP_NAME_FIELD, GROUP_LENGTH_FIELD, GROUP_ITERATION_FIELD, GROUP_LENGTH, PAD_CHARACTER, DESCRIPTION, LOV_ID, RULE_PARAMETER, FIELD_DATA_TYPE, FIELD_DATA_SIZE) VALUES ( 'NPCI_AUTH_REQ_IN','process_AUTH','pos_data_code','CONSTANT','N','0',null,null,null,'210101213146000',null,'N','N','N',null,null,null,null,null,null,null );
INSERT INTO ML004MB( TRAN_FMT_ID, FMT_ID, FIELD_ID, FIELD_TYPE, FIXED_LENGTH, MIN_LENGTH, MAX_LENGTH, PRE_RULE_ID, POST_RULE_ID, DEFAULT_VALUE, USER_EXIT_NAME, GROUP_NAME_FIELD, GROUP_LENGTH_FIELD, GROUP_ITERATION_FIELD, GROUP_LENGTH, PAD_CHARACTER, DESCRIPTION, LOV_ID, RULE_PARAMETER, FIELD_DATA_TYPE, FIELD_DATA_SIZE) VALUES ( 'NPCI_AUTH_REQ_IN','Bio','posh','ALPHA','N','0',null,null,null,'null',null,'N','N','N',null,null,null,null,null,null,null );
INSERT INTO ML004MB( TRAN_FMT_ID, FMT_ID, FIELD_ID, FIELD_TYPE, FIXED_LENGTH, MIN_LENGTH, MAX_LENGTH, PRE_RULE_ID, POST_RULE_ID, DEFAULT_VALUE, USER_EXIT_NAME, GROUP_NAME_FIELD, GROUP_LENGTH_FIELD, GROUP_ITERATION_FIELD, GROUP_LENGTH, PAD_CHARACTER, DESCRIPTION, LOV_ID, RULE_PARAMETER, FIELD_DATA_TYPE, FIELD_DATA_SIZE) VALUES ( 'NPCI_AUTH_REQ_IN','process_AUTH','processing_code','CONSTANT','N','0',null,null,null,'310000',null,'N','N','N',null,null,null,null,null,null,null );
INSERT INTO ML004MB( TRAN_FMT_ID, FMT_ID, FIELD_ID, FIELD_TYPE, FIXED_LENGTH, MIN_LENGTH, MAX_LENGTH, PRE_RULE_ID, POST_RULE_ID, DEFAULT_VALUE, USER_EXIT_NAME, GROUP_NAME_FIELD, GROUP_LENGTH_FIELD, GROUP_ITERATION_FIELD, GROUP_LENGTH, PAD_CHARACTER, DESCRIPTION, LOV_ID, RULE_PARAMETER, FIELD_DATA_TYPE, FIELD_DATA_SIZE) VALUES ( 'NPCI_AUTH_REQ_IN','Rbd','sa','CONSTANT','N','0',null,null,null,'STGUSFB001',null,'N','N','N',null,null,null,null,null,null,null );
INSERT INTO ML004MB( TRAN_FMT_ID, FMT_ID, FIELD_ID, FIELD_TYPE, FIXED_LENGTH, MIN_LENGTH, MAX_LENGTH, PRE_RULE_ID, POST_RULE_ID, DEFAULT_VALUE, USER_EXIT_NAME, GROUP_NAME_FIELD, GROUP_LENGTH_FIELD, GROUP_ITERATION_FIELD, GROUP_LENGTH, PAD_CHARACTER, DESCRIPTION, LOV_ID, RULE_PARAMETER, FIELD_DATA_TYPE, FIELD_DATA_SIZE) VALUES ( 'NPCI_AUTH_REQ_IN','process_AUTH','terminal_id','CONSTANT','N','0',null,null,null,'  public',null,'N','N','N',null,null,null,null,null,null,null );
INSERT INTO ML004MB( TRAN_FMT_ID, FMT_ID, FIELD_ID, FIELD_TYPE, FIXED_LENGTH, MIN_LENGTH, MAX_LENGTH, PRE_RULE_ID, POST_RULE_ID, DEFAULT_VALUE, USER_EXIT_NAME, GROUP_NAME_FIELD, GROUP_LENGTH_FIELD, GROUP_ITERATION_FIELD, GROUP_LENGTH, PAD_CHARACTER, DESCRIPTION, LOV_ID, RULE_PARAMETER, FIELD_DATA_TYPE, FIELD_DATA_SIZE) VALUES ( 'NPCI_AUTH_REQ_IN','process_AUTH','time','ALPHA','N','0','6','RCHARTRIM',null,'null',null,'N','N','N',null,null,null,null,null,null,null );
INSERT INTO ML004MB( TRAN_FMT_ID, FMT_ID, FIELD_ID, FIELD_TYPE, FIXED_LENGTH, MIN_LENGTH, MAX_LENGTH, PRE_RULE_ID, POST_RULE_ID, DEFAULT_VALUE, USER_EXIT_NAME, GROUP_NAME_FIELD, GROUP_LENGTH_FIELD, GROUP_ITERATION_FIELD, GROUP_LENGTH, PAD_CHARACTER, DESCRIPTION, LOV_ID, RULE_PARAMETER, FIELD_DATA_TYPE, FIELD_DATA_SIZE) VALUES ( 'NPCI_AUTH_REQ_IN','Rbd','ts','ALPHA','N','0',null,null,null,'null',null,'N','N','N',null,null,null,null,null,null,null );

--ML004MB REQUEST_OUT--
DELETE FROM ML004MB WHERE TRAN_FMT_ID = 'NPCI_AUTH_REQ_OUT';
INSERT INTO ML004MB( TRAN_FMT_ID, FMT_ID, FIELD_ID, FIELD_TYPE, FIXED_LENGTH, MIN_LENGTH, MAX_LENGTH, PRE_RULE_ID, POST_RULE_ID, DEFAULT_VALUE, USER_EXIT_NAME, GROUP_NAME_FIELD, GROUP_LENGTH_FIELD, GROUP_ITERATION_FIELD, GROUP_LENGTH, PAD_CHARACTER, DESCRIPTION, LOV_ID, RULE_PARAMETER, FIELD_DATA_TYPE, FIELD_DATA_SIZE) VALUES ( 'NPCI_AUTH_REQ_OUT','Bio','Bio_VALUE','ALPHA','N','0',null,null,null,'null',null,'N','N','N',null,null,null,null,null,null,null );
INSERT INTO ML004MB( TRAN_FMT_ID, FMT_ID, FIELD_ID, FIELD_TYPE, FIXED_LENGTH, MIN_LENGTH, MAX_LENGTH, PRE_RULE_ID, POST_RULE_ID, DEFAULT_VALUE, USER_EXIT_NAME, GROUP_NAME_FIELD, GROUP_LENGTH_FIELD, GROUP_ITERATION_FIELD, GROUP_LENGTH, PAD_CHARACTER, DESCRIPTION, LOV_ID, RULE_PARAMETER, FIELD_DATA_TYPE, FIELD_DATA_SIZE) VALUES ( 'NPCI_AUTH_REQ_OUT','process_AUTH','MTI','CONSTANT','N','0',null,null,null,'0200',null,'N','N','N',null,null,null,null,null,null,null );
INSERT INTO ML004MB( TRAN_FMT_ID, FMT_ID, FIELD_ID, FIELD_TYPE, FIXED_LENGTH, MIN_LENGTH, MAX_LENGTH, PRE_RULE_ID, POST_RULE_ID, DEFAULT_VALUE, USER_EXIT_NAME, GROUP_NAME_FIELD, GROUP_LENGTH_FIELD, GROUP_ITERATION_FIELD, GROUP_LENGTH, PAD_CHARACTER, DESCRIPTION, LOV_ID, RULE_PARAMETER, FIELD_DATA_TYPE, FIELD_DATA_SIZE) VALUES ( 'NPCI_AUTH_REQ_OUT','process_AUTH','Pan','ALPHA','N','0',null,'PanToAathar',null,'null',null,'N','N','N',null,null,null,null,null,null,null );
INSERT INTO ML004MB( TRAN_FMT_ID, FMT_ID, FIELD_ID, FIELD_TYPE, FIXED_LENGTH, MIN_LENGTH, MAX_LENGTH, PRE_RULE_ID, POST_RULE_ID, DEFAULT_VALUE, USER_EXIT_NAME, GROUP_NAME_FIELD, GROUP_LENGTH_FIELD, GROUP_ITERATION_FIELD, GROUP_LENGTH, PAD_CHARACTER, DESCRIPTION, LOV_ID, RULE_PARAMETER, FIELD_DATA_TYPE, FIELD_DATA_SIZE) VALUES ( 'NPCI_AUTH_REQ_OUT','process_AUTH','Stan','ALPHA','N','0',null,null,null,'null',null,'N','N','N',null,null,null,null,null,null,null );
INSERT INTO ML004MB( TRAN_FMT_ID, FMT_ID, FIELD_ID, FIELD_TYPE, FIXED_LENGTH, MIN_LENGTH, MAX_LENGTH, PRE_RULE_ID, POST_RULE_ID, DEFAULT_VALUE, USER_EXIT_NAME, GROUP_NAME_FIELD, GROUP_LENGTH_FIELD, GROUP_ITERATION_FIELD, GROUP_LENGTH, PAD_CHARACTER, DESCRIPTION, LOV_ID, RULE_PARAMETER, FIELD_DATA_TYPE, FIELD_DATA_SIZE) VALUES ( 'NPCI_AUTH_REQ_OUT','process_AUTH','Transm_Date_time','ALPHA','N','0',null,null,null,'null',null,'N','N','N',null,null,null,null,null,null,null );
INSERT INTO ML004MB( TRAN_FMT_ID, FMT_ID, FIELD_ID, FIELD_TYPE, FIXED_LENGTH, MIN_LENGTH, MAX_LENGTH, PRE_RULE_ID, POST_RULE_ID, DEFAULT_VALUE, USER_EXIT_NAME, GROUP_NAME_FIELD, GROUP_LENGTH_FIELD, GROUP_ITERATION_FIELD, GROUP_LENGTH, PAD_CHARACTER, DESCRIPTION, LOV_ID, RULE_PARAMETER, FIELD_DATA_TYPE, FIELD_DATA_SIZE) VALUES ( 'NPCI_AUTH_REQ_OUT','Rbd','ac','CONSTANT','N','0',null,null,null,'STGUSFB001',null,'N','N','N',null,null,null,null,null,null,null );
INSERT INTO ML004MB( TRAN_FMT_ID, FMT_ID, FIELD_ID, FIELD_TYPE, FIXED_LENGTH, MIN_LENGTH, MAX_LENGTH, PRE_RULE_ID, POST_RULE_ID, DEFAULT_VALUE, USER_EXIT_NAME, GROUP_NAME_FIELD, GROUP_LENGTH_FIELD, GROUP_ITERATION_FIELD, GROUP_LENGTH, PAD_CHARACTER, DESCRIPTION, LOV_ID, RULE_PARAMETER, FIELD_DATA_TYPE, FIELD_DATA_SIZE) VALUES ( 'NPCI_AUTH_REQ_OUT','process_AUTH','amount','CONSTANT','N','0',null,null,null,'000000000000',null,'N','N','N',null,null,null,null,null,null,null );
INSERT INTO ML004MB( TRAN_FMT_ID, FMT_ID, FIELD_ID, FIELD_TYPE, FIXED_LENGTH, MIN_LENGTH, MAX_LENGTH, PRE_RULE_ID, POST_RULE_ID, DEFAULT_VALUE, USER_EXIT_NAME, GROUP_NAME_FIELD, GROUP_LENGTH_FIELD, GROUP_ITERATION_FIELD, GROUP_LENGTH, PAD_CHARACTER, DESCRIPTION, LOV_ID, RULE_PARAMETER, FIELD_DATA_TYPE, FIELD_DATA_SIZE) VALUES ( 'NPCI_AUTH_REQ_OUT','Rbd','ci','CONSTANT','N','0',null,null,null,'20170227',null,'N','N','N',null,null,null,null,null,null,null );
INSERT INTO ML004MB( TRAN_FMT_ID, FMT_ID, FIELD_ID, FIELD_TYPE, FIXED_LENGTH, MIN_LENGTH, MAX_LENGTH, PRE_RULE_ID, POST_RULE_ID, DEFAULT_VALUE, USER_EXIT_NAME, GROUP_NAME_FIELD, GROUP_LENGTH_FIELD, GROUP_ITERATION_FIELD, GROUP_LENGTH, PAD_CHARACTER, DESCRIPTION, LOV_ID, RULE_PARAMETER, FIELD_DATA_TYPE, FIELD_DATA_SIZE) VALUES ( 'NPCI_AUTH_REQ_OUT','process_AUTH','currency_code','CONSTANT','N','0',null,null,null,'356',null,'N','N','N',null,null,null,null,null,null,null );
INSERT INTO ML004MB( TRAN_FMT_ID, FMT_ID, FIELD_ID, FIELD_TYPE, FIXED_LENGTH, MIN_LENGTH, MAX_LENGTH, PRE_RULE_ID, POST_RULE_ID, DEFAULT_VALUE, USER_EXIT_NAME, GROUP_NAME_FIELD, GROUP_LENGTH_FIELD, GROUP_ITERATION_FIELD, GROUP_LENGTH, PAD_CHARACTER, DESCRIPTION, LOV_ID, RULE_PARAMETER, FIELD_DATA_TYPE, FIELD_DATA_SIZE) VALUES ( 'NPCI_AUTH_REQ_OUT','process_AUTH','date','ALPHA','N','0','3','LCHARTRIM',null,'null',null,'N','N','N',null,null,null,null,null,null,null );
INSERT INTO ML004MB( TRAN_FMT_ID, FMT_ID, FIELD_ID, FIELD_TYPE, FIXED_LENGTH, MIN_LENGTH, MAX_LENGTH, PRE_RULE_ID, POST_RULE_ID, DEFAULT_VALUE, USER_EXIT_NAME, GROUP_NAME_FIELD, GROUP_LENGTH_FIELD, GROUP_ITERATION_FIELD, GROUP_LENGTH, PAD_CHARACTER, DESCRIPTION, LOV_ID, RULE_PARAMETER, FIELD_DATA_TYPE, FIELD_DATA_SIZE) VALUES ( 'NPCI_AUTH_REQ_OUT','Rbd','lk','CONSTANT','N','0',null,null,null,'MB6a8icE7wk_NCjrhBh0ItWhm9D7Um2lUYFfDsxQg0WSoOBvcNKzGOA',null,'N','N','N',null,null,null,null,null,null,null );
INSERT INTO ML004MB( TRAN_FMT_ID, FMT_ID, FIELD_ID, FIELD_TYPE, FIXED_LENGTH, MIN_LENGTH, MAX_LENGTH, PRE_RULE_ID, POST_RULE_ID, DEFAULT_VALUE, USER_EXIT_NAME, GROUP_NAME_FIELD, GROUP_LENGTH_FIELD, GROUP_ITERATION_FIELD, GROUP_LENGTH, PAD_CHARACTER, DESCRIPTION, LOV_ID, RULE_PARAMETER, FIELD_DATA_TYPE, FIELD_DATA_SIZE) VALUES ( 'NPCI_AUTH_REQ_OUT','process_AUTH','merchant_type','CONSTANT','N','0',null,null,null,'6012',null,'N','N','N',null,null,null,null,null,null,null );
INSERT INTO ML004MB( TRAN_FMT_ID, FMT_ID, FIELD_ID, FIELD_TYPE, FIXED_LENGTH, MIN_LENGTH, MAX_LENGTH, PRE_RULE_ID, POST_RULE_ID, DEFAULT_VALUE, USER_EXIT_NAME, GROUP_NAME_FIELD, GROUP_LENGTH_FIELD, GROUP_ITERATION_FIELD, GROUP_LENGTH, PAD_CHARACTER, DESCRIPTION, LOV_ID, RULE_PARAMETER, FIELD_DATA_TYPE, FIELD_DATA_SIZE) VALUES ( 'NPCI_AUTH_REQ_OUT','process_AUTH','pos_data_code','CONSTANT','N','0',null,null,null,'210101213146000',null,'N','N','N',null,null,null,null,null,null,null );
INSERT INTO ML004MB( TRAN_FMT_ID, FMT_ID, FIELD_ID, FIELD_TYPE, FIXED_LENGTH, MIN_LENGTH, MAX_LENGTH, PRE_RULE_ID, POST_RULE_ID, DEFAULT_VALUE, USER_EXIT_NAME, GROUP_NAME_FIELD, GROUP_LENGTH_FIELD, GROUP_ITERATION_FIELD, GROUP_LENGTH, PAD_CHARACTER, DESCRIPTION, LOV_ID, RULE_PARAMETER, FIELD_DATA_TYPE, FIELD_DATA_SIZE) VALUES ( 'NPCI_AUTH_REQ_OUT','Bio','posh','ALPHA','N','0',null,null,null,'null',null,'N','N','N',null,null,null,null,null,null,null );
INSERT INTO ML004MB( TRAN_FMT_ID, FMT_ID, FIELD_ID, FIELD_TYPE, FIXED_LENGTH, MIN_LENGTH, MAX_LENGTH, PRE_RULE_ID, POST_RULE_ID, DEFAULT_VALUE, USER_EXIT_NAME, GROUP_NAME_FIELD, GROUP_LENGTH_FIELD, GROUP_ITERATION_FIELD, GROUP_LENGTH, PAD_CHARACTER, DESCRIPTION, LOV_ID, RULE_PARAMETER, FIELD_DATA_TYPE, FIELD_DATA_SIZE) VALUES ( 'NPCI_AUTH_REQ_OUT','process_AUTH','processing_code','CONSTANT','N','0',null,null,null,'310000',null,'N','N','N',null,null,null,null,null,null,null );
INSERT INTO ML004MB( TRAN_FMT_ID, FMT_ID, FIELD_ID, FIELD_TYPE, FIXED_LENGTH, MIN_LENGTH, MAX_LENGTH, PRE_RULE_ID, POST_RULE_ID, DEFAULT_VALUE, USER_EXIT_NAME, GROUP_NAME_FIELD, GROUP_LENGTH_FIELD, GROUP_ITERATION_FIELD, GROUP_LENGTH, PAD_CHARACTER, DESCRIPTION, LOV_ID, RULE_PARAMETER, FIELD_DATA_TYPE, FIELD_DATA_SIZE) VALUES ( 'NPCI_AUTH_REQ_OUT','Rbd','sa','CONSTANT','N','0',null,null,null,'STGUSFB001',null,'N','N','N',null,null,null,null,null,null,null );
INSERT INTO ML004MB( TRAN_FMT_ID, FMT_ID, FIELD_ID, FIELD_TYPE, FIXED_LENGTH, MIN_LENGTH, MAX_LENGTH, PRE_RULE_ID, POST_RULE_ID, DEFAULT_VALUE, USER_EXIT_NAME, GROUP_NAME_FIELD, GROUP_LENGTH_FIELD, GROUP_ITERATION_FIELD, GROUP_LENGTH, PAD_CHARACTER, DESCRIPTION, LOV_ID, RULE_PARAMETER, FIELD_DATA_TYPE, FIELD_DATA_SIZE) VALUES ( 'NPCI_AUTH_REQ_OUT','process_AUTH','terminal_id','CONSTANT','N','0',null,null,null,'  public',null,'N','N','N',null,null,null,null,null,null,null );
INSERT INTO ML004MB( TRAN_FMT_ID, FMT_ID, FIELD_ID, FIELD_TYPE, FIXED_LENGTH, MIN_LENGTH, MAX_LENGTH, PRE_RULE_ID, POST_RULE_ID, DEFAULT_VALUE, USER_EXIT_NAME, GROUP_NAME_FIELD, GROUP_LENGTH_FIELD, GROUP_ITERATION_FIELD, GROUP_LENGTH, PAD_CHARACTER, DESCRIPTION, LOV_ID, RULE_PARAMETER, FIELD_DATA_TYPE, FIELD_DATA_SIZE) VALUES ( 'NPCI_AUTH_REQ_OUT','process_AUTH','time','ALPHA','N','0','5','RCHARTRIM',null,'null',null,'N','N','N',null,null,null,null,null,null,null );
INSERT INTO ML004MB( TRAN_FMT_ID, FMT_ID, FIELD_ID, FIELD_TYPE, FIXED_LENGTH, MIN_LENGTH, MAX_LENGTH, PRE_RULE_ID, POST_RULE_ID, DEFAULT_VALUE, USER_EXIT_NAME, GROUP_NAME_FIELD, GROUP_LENGTH_FIELD, GROUP_ITERATION_FIELD, GROUP_LENGTH, PAD_CHARACTER, DESCRIPTION, LOV_ID, RULE_PARAMETER, FIELD_DATA_TYPE, FIELD_DATA_SIZE) VALUES ( 'NPCI_AUTH_REQ_OUT','Rbd','ts','ALPHA','N','0',null,null,null,'null',null,'N','N','N',null,null,null,null,null,null,null );
INSERT INTO ML004MB( TRAN_FMT_ID, FMT_ID, FIELD_ID, FIELD_TYPE, FIXED_LENGTH, MIN_LENGTH, MAX_LENGTH, PRE_RULE_ID, POST_RULE_ID, DEFAULT_VALUE, USER_EXIT_NAME, GROUP_NAME_FIELD, GROUP_LENGTH_FIELD, GROUP_ITERATION_FIELD, GROUP_LENGTH, PAD_CHARACTER, DESCRIPTION, LOV_ID, RULE_PARAMETER, FIELD_DATA_TYPE, FIELD_DATA_SIZE) VALUES ( 'NPCI_AUTH_REQ_OUT','Bio','type','CONSTANT','N','0',null,null,null,'FMR',null,'N','N','N',null,null,null,null,null,null,null );
INSERT INTO ML004MB( TRAN_FMT_ID, FMT_ID, FIELD_ID, FIELD_TYPE, FIXED_LENGTH, MIN_LENGTH, MAX_LENGTH, PRE_RULE_ID, POST_RULE_ID, DEFAULT_VALUE, USER_EXIT_NAME, GROUP_NAME_FIELD, GROUP_LENGTH_FIELD, GROUP_ITERATION_FIELD, GROUP_LENGTH, PAD_CHARACTER, DESCRIPTION, LOV_ID, RULE_PARAMETER, FIELD_DATA_TYPE, FIELD_DATA_SIZE) VALUES ( 'NPCI_AUTH_REQ_OUT','Bio','ver','CONSTANT','N','0',null,null,null,'1.0',null,'N','N','N',null,null,null,null,null,null,null );

--ML004MB RESPONSE_IN--
DELETE FROM ML004MB WHERE TRAN_FMT_ID = 'NPCI_AUTH_RES_IN';
INSERT INTO ML004MB( TRAN_FMT_ID, FMT_ID, FIELD_ID, FIELD_TYPE, FIXED_LENGTH, MIN_LENGTH, MAX_LENGTH, PRE_RULE_ID, POST_RULE_ID, DEFAULT_VALUE, USER_EXIT_NAME, GROUP_NAME_FIELD, GROUP_LENGTH_FIELD, GROUP_ITERATION_FIELD, GROUP_LENGTH, PAD_CHARACTER, DESCRIPTION, LOV_ID, RULE_PARAMETER, FIELD_DATA_TYPE, FIELD_DATA_SIZE) VALUES ( 'NPCI_AUTH_RES_IN','process_AUTHResult','AdditionalTags','ALPHA','N','0',null,null,null,'null',null,'N','N','N',null,null,null,null,null,null,null );
INSERT INTO ML004MB( TRAN_FMT_ID, FMT_ID, FIELD_ID, FIELD_TYPE, FIXED_LENGTH, MIN_LENGTH, MAX_LENGTH, PRE_RULE_ID, POST_RULE_ID, DEFAULT_VALUE, USER_EXIT_NAME, GROUP_NAME_FIELD, GROUP_LENGTH_FIELD, GROUP_ITERATION_FIELD, GROUP_LENGTH, PAD_CHARACTER, DESCRIPTION, LOV_ID, RULE_PARAMETER, FIELD_DATA_TYPE, FIELD_DATA_SIZE) VALUES ( 'NPCI_AUTH_RES_IN','process_AUTHResult','AuthID','ALPHA','N','0',null,null,null,'null',null,'N','N','N',null,null,null,null,null,null,null );
INSERT INTO ML004MB( TRAN_FMT_ID, FMT_ID, FIELD_ID, FIELD_TYPE, FIXED_LENGTH, MIN_LENGTH, MAX_LENGTH, PRE_RULE_ID, POST_RULE_ID, DEFAULT_VALUE, USER_EXIT_NAME, GROUP_NAME_FIELD, GROUP_LENGTH_FIELD, GROUP_ITERATION_FIELD, GROUP_LENGTH, PAD_CHARACTER, DESCRIPTION, LOV_ID, RULE_PARAMETER, FIELD_DATA_TYPE, FIELD_DATA_SIZE) VALUES ( 'NPCI_AUTH_RES_IN','process_AUTHResult','CardAcceptorIdCode','ALPHA','N','0',null,null,null,'null',null,'N','N','N',null,null,null,null,null,null,null );
INSERT INTO ML004MB( TRAN_FMT_ID, FMT_ID, FIELD_ID, FIELD_TYPE, FIXED_LENGTH, MIN_LENGTH, MAX_LENGTH, PRE_RULE_ID, POST_RULE_ID, DEFAULT_VALUE, USER_EXIT_NAME, GROUP_NAME_FIELD, GROUP_LENGTH_FIELD, GROUP_ITERATION_FIELD, GROUP_LENGTH, PAD_CHARACTER, DESCRIPTION, LOV_ID, RULE_PARAMETER, FIELD_DATA_TYPE, FIELD_DATA_SIZE) VALUES ( 'NPCI_AUTH_RES_IN','process_AUTHResult','MTI','ALPHA','N','0',null,null,null,'null',null,'N','N','N',null,null,null,null,null,null,null );
INSERT INTO ML004MB( TRAN_FMT_ID, FMT_ID, FIELD_ID, FIELD_TYPE, FIXED_LENGTH, MIN_LENGTH, MAX_LENGTH, PRE_RULE_ID, POST_RULE_ID, DEFAULT_VALUE, USER_EXIT_NAME, GROUP_NAME_FIELD, GROUP_LENGTH_FIELD, GROUP_ITERATION_FIELD, GROUP_LENGTH, PAD_CHARACTER, DESCRIPTION, LOV_ID, RULE_PARAMETER, FIELD_DATA_TYPE, FIELD_DATA_SIZE) VALUES ( 'NPCI_AUTH_RES_IN','process_AUTHResult','Pan','ALPHA','N','0',null,'AatharToPan',null,'null',null,'N','N','N',null,null,null,null,null,null,null );
INSERT INTO ML004MB( TRAN_FMT_ID, FMT_ID, FIELD_ID, FIELD_TYPE, FIXED_LENGTH, MIN_LENGTH, MAX_LENGTH, PRE_RULE_ID, POST_RULE_ID, DEFAULT_VALUE, USER_EXIT_NAME, GROUP_NAME_FIELD, GROUP_LENGTH_FIELD, GROUP_ITERATION_FIELD, GROUP_LENGTH, PAD_CHARACTER, DESCRIPTION, LOV_ID, RULE_PARAMETER, FIELD_DATA_TYPE, FIELD_DATA_SIZE) VALUES ( 'NPCI_AUTH_RES_IN','process_AUTHResult','ResponseCode','ALPHA','N','0',null,null,null,'null',null,'N','N','N',null,null,null,null,null,null,null );
INSERT INTO ML004MB( TRAN_FMT_ID, FMT_ID, FIELD_ID, FIELD_TYPE, FIXED_LENGTH, MIN_LENGTH, MAX_LENGTH, PRE_RULE_ID, POST_RULE_ID, DEFAULT_VALUE, USER_EXIT_NAME, GROUP_NAME_FIELD, GROUP_LENGTH_FIELD, GROUP_ITERATION_FIELD, GROUP_LENGTH, PAD_CHARACTER, DESCRIPTION, LOV_ID, RULE_PARAMETER, FIELD_DATA_TYPE, FIELD_DATA_SIZE) VALUES ( 'NPCI_AUTH_RES_IN','process_AUTHResult','Settlementdate','ALPHA','N','0',null,null,null,'null',null,'N','N','N',null,null,null,null,null,null,null );
INSERT INTO ML004MB( TRAN_FMT_ID, FMT_ID, FIELD_ID, FIELD_TYPE, FIXED_LENGTH, MIN_LENGTH, MAX_LENGTH, PRE_RULE_ID, POST_RULE_ID, DEFAULT_VALUE, USER_EXIT_NAME, GROUP_NAME_FIELD, GROUP_LENGTH_FIELD, GROUP_ITERATION_FIELD, GROUP_LENGTH, PAD_CHARACTER, DESCRIPTION, LOV_ID, RULE_PARAMETER, FIELD_DATA_TYPE, FIELD_DATA_SIZE) VALUES ( 'NPCI_AUTH_RES_IN','process_AUTHResult','Stan','ALPHA','N','0',null,null,null,'null',null,'N','N','N',null,null,null,null,null,null,null );
INSERT INTO ML004MB( TRAN_FMT_ID, FMT_ID, FIELD_ID, FIELD_TYPE, FIXED_LENGTH, MIN_LENGTH, MAX_LENGTH, PRE_RULE_ID, POST_RULE_ID, DEFAULT_VALUE, USER_EXIT_NAME, GROUP_NAME_FIELD, GROUP_LENGTH_FIELD, GROUP_ITERATION_FIELD, GROUP_LENGTH, PAD_CHARACTER, DESCRIPTION, LOV_ID, RULE_PARAMETER, FIELD_DATA_TYPE, FIELD_DATA_SIZE) VALUES ( 'NPCI_AUTH_RES_IN','process_AUTHResult','Transm_Date_time','ALPHA','N','0',null,null,null,'null',null,'N','N','N',null,null,null,null,null,null,null );
INSERT INTO ML004MB( TRAN_FMT_ID, FMT_ID, FIELD_ID, FIELD_TYPE, FIXED_LENGTH, MIN_LENGTH, MAX_LENGTH, PRE_RULE_ID, POST_RULE_ID, DEFAULT_VALUE, USER_EXIT_NAME, GROUP_NAME_FIELD, GROUP_LENGTH_FIELD, GROUP_ITERATION_FIELD, GROUP_LENGTH, PAD_CHARACTER, DESCRIPTION, LOV_ID, RULE_PARAMETER, FIELD_DATA_TYPE, FIELD_DATA_SIZE) VALUES ( 'NPCI_AUTH_RES_IN','process_AUTHResult','YearDateStan','ALPHA','N','0',null,null,null,'null',null,'N','N','N',null,null,null,null,null,null,null );
INSERT INTO ML004MB( TRAN_FMT_ID, FMT_ID, FIELD_ID, FIELD_TYPE, FIXED_LENGTH, MIN_LENGTH, MAX_LENGTH, PRE_RULE_ID, POST_RULE_ID, DEFAULT_VALUE, USER_EXIT_NAME, GROUP_NAME_FIELD, GROUP_LENGTH_FIELD, GROUP_ITERATION_FIELD, GROUP_LENGTH, PAD_CHARACTER, DESCRIPTION, LOV_ID, RULE_PARAMETER, FIELD_DATA_TYPE, FIELD_DATA_SIZE) VALUES ( 'NPCI_AUTH_RES_IN','process_AUTHResult','amount','ALPHA','N','0',null,null,null,'null',null,'N','N','N',null,null,null,null,null,null,null );
INSERT INTO ML004MB( TRAN_FMT_ID, FMT_ID, FIELD_ID, FIELD_TYPE, FIXED_LENGTH, MIN_LENGTH, MAX_LENGTH, PRE_RULE_ID, POST_RULE_ID, DEFAULT_VALUE, USER_EXIT_NAME, GROUP_NAME_FIELD, GROUP_LENGTH_FIELD, GROUP_ITERATION_FIELD, GROUP_LENGTH, PAD_CHARACTER, DESCRIPTION, LOV_ID, RULE_PARAMETER, FIELD_DATA_TYPE, FIELD_DATA_SIZE) VALUES ( 'NPCI_AUTH_RES_IN','process_AUTHResult','currency_code','ALPHA','N','0',null,null,null,'null',null,'N','N','N',null,null,null,null,null,null,null );
INSERT INTO ML004MB( TRAN_FMT_ID, FMT_ID, FIELD_ID, FIELD_TYPE, FIXED_LENGTH, MIN_LENGTH, MAX_LENGTH, PRE_RULE_ID, POST_RULE_ID, DEFAULT_VALUE, USER_EXIT_NAME, GROUP_NAME_FIELD, GROUP_LENGTH_FIELD, GROUP_ITERATION_FIELD, GROUP_LENGTH, PAD_CHARACTER, DESCRIPTION, LOV_ID, RULE_PARAMETER, FIELD_DATA_TYPE, FIELD_DATA_SIZE) VALUES ( 'NPCI_AUTH_RES_IN','process_AUTHResult','date','ALPHA','N','0',null,null,null,'null',null,'N','N','N',null,null,null,null,null,null,null );
INSERT INTO ML004MB( TRAN_FMT_ID, FMT_ID, FIELD_ID, FIELD_TYPE, FIXED_LENGTH, MIN_LENGTH, MAX_LENGTH, PRE_RULE_ID, POST_RULE_ID, DEFAULT_VALUE, USER_EXIT_NAME, GROUP_NAME_FIELD, GROUP_LENGTH_FIELD, GROUP_ITERATION_FIELD, GROUP_LENGTH, PAD_CHARACTER, DESCRIPTION, LOV_ID, RULE_PARAMETER, FIELD_DATA_TYPE, FIELD_DATA_SIZE) VALUES ( 'NPCI_AUTH_RES_IN','process_AUTHResult','fees','ALPHA','N','0',null,null,null,'null',null,'N','N','N',null,null,null,null,null,null,null );
INSERT INTO ML004MB( TRAN_FMT_ID, FMT_ID, FIELD_ID, FIELD_TYPE, FIXED_LENGTH, MIN_LENGTH, MAX_LENGTH, PRE_RULE_ID, POST_RULE_ID, DEFAULT_VALUE, USER_EXIT_NAME, GROUP_NAME_FIELD, GROUP_LENGTH_FIELD, GROUP_ITERATION_FIELD, GROUP_LENGTH, PAD_CHARACTER, DESCRIPTION, LOV_ID, RULE_PARAMETER, FIELD_DATA_TYPE, FIELD_DATA_SIZE) VALUES ( 'NPCI_AUTH_RES_IN','process_AUTHResult','processing_code','ALPHA','N','0',null,null,null,'null',null,'N','N','N',null,null,null,null,null,null,null );
INSERT INTO ML004MB( TRAN_FMT_ID, FMT_ID, FIELD_ID, FIELD_TYPE, FIXED_LENGTH, MIN_LENGTH, MAX_LENGTH, PRE_RULE_ID, POST_RULE_ID, DEFAULT_VALUE, USER_EXIT_NAME, GROUP_NAME_FIELD, GROUP_LENGTH_FIELD, GROUP_ITERATION_FIELD, GROUP_LENGTH, PAD_CHARACTER, DESCRIPTION, LOV_ID, RULE_PARAMETER, FIELD_DATA_TYPE, FIELD_DATA_SIZE) VALUES ( 'NPCI_AUTH_RES_IN','process_AUTHResult','terminal_id','ALPHA','N','0',null,null,null,'null',null,'N','N','N',null,null,null,null,null,null,null );
INSERT INTO ML004MB( TRAN_FMT_ID, FMT_ID, FIELD_ID, FIELD_TYPE, FIXED_LENGTH, MIN_LENGTH, MAX_LENGTH, PRE_RULE_ID, POST_RULE_ID, DEFAULT_VALUE, USER_EXIT_NAME, GROUP_NAME_FIELD, GROUP_LENGTH_FIELD, GROUP_ITERATION_FIELD, GROUP_LENGTH, PAD_CHARACTER, DESCRIPTION, LOV_ID, RULE_PARAMETER, FIELD_DATA_TYPE, FIELD_DATA_SIZE) VALUES ( 'NPCI_AUTH_RES_IN','process_AUTHResult','time','ALPHA','N','0',null,null,null,'null',null,'N','N','N',null,null,null,null,null,null,null );

--ML004MB RESPONSE_OUT--
DELETE FROM ML004MB WHERE TRAN_FMT_ID = 'NPCI_AUTH_RES_OUT';
INSERT INTO ML004MB( TRAN_FMT_ID, FMT_ID, FIELD_ID, FIELD_TYPE, FIXED_LENGTH, MIN_LENGTH, MAX_LENGTH, PRE_RULE_ID, POST_RULE_ID, DEFAULT_VALUE, USER_EXIT_NAME, GROUP_NAME_FIELD, GROUP_LENGTH_FIELD, GROUP_ITERATION_FIELD, GROUP_LENGTH, PAD_CHARACTER, DESCRIPTION, LOV_ID, RULE_PARAMETER, FIELD_DATA_TYPE, FIELD_DATA_SIZE) VALUES ( 'NPCI_AUTH_RES_OUT','process_AUTHResult','AdditionalTags','ALPHA','N','0',null,null,null,'null',null,'N','N','N',null,null,null,null,null,null,null );
INSERT INTO ML004MB( TRAN_FMT_ID, FMT_ID, FIELD_ID, FIELD_TYPE, FIXED_LENGTH, MIN_LENGTH, MAX_LENGTH, PRE_RULE_ID, POST_RULE_ID, DEFAULT_VALUE, USER_EXIT_NAME, GROUP_NAME_FIELD, GROUP_LENGTH_FIELD, GROUP_ITERATION_FIELD, GROUP_LENGTH, PAD_CHARACTER, DESCRIPTION, LOV_ID, RULE_PARAMETER, FIELD_DATA_TYPE, FIELD_DATA_SIZE) VALUES ( 'NPCI_AUTH_RES_OUT','process_AUTHResult','AuthID','ALPHA','N','0',null,null,null,'null',null,'N','N','N',null,null,null,null,null,null,null );
INSERT INTO ML004MB( TRAN_FMT_ID, FMT_ID, FIELD_ID, FIELD_TYPE, FIXED_LENGTH, MIN_LENGTH, MAX_LENGTH, PRE_RULE_ID, POST_RULE_ID, DEFAULT_VALUE, USER_EXIT_NAME, GROUP_NAME_FIELD, GROUP_LENGTH_FIELD, GROUP_ITERATION_FIELD, GROUP_LENGTH, PAD_CHARACTER, DESCRIPTION, LOV_ID, RULE_PARAMETER, FIELD_DATA_TYPE, FIELD_DATA_SIZE) VALUES ( 'NPCI_AUTH_RES_OUT','process_AUTHResult','CardAcceptorIdCode','ALPHA','N','0',null,null,null,'null',null,'N','N','N',null,null,null,null,null,null,null );
INSERT INTO ML004MB( TRAN_FMT_ID, FMT_ID, FIELD_ID, FIELD_TYPE, FIXED_LENGTH, MIN_LENGTH, MAX_LENGTH, PRE_RULE_ID, POST_RULE_ID, DEFAULT_VALUE, USER_EXIT_NAME, GROUP_NAME_FIELD, GROUP_LENGTH_FIELD, GROUP_ITERATION_FIELD, GROUP_LENGTH, PAD_CHARACTER, DESCRIPTION, LOV_ID, RULE_PARAMETER, FIELD_DATA_TYPE, FIELD_DATA_SIZE) VALUES ( 'NPCI_AUTH_RES_OUT','process_AUTHResult','MTI','ALPHA','N','0',null,null,null,'null',null,'N','N','N',null,null,null,null,null,null,null );
INSERT INTO ML004MB( TRAN_FMT_ID, FMT_ID, FIELD_ID, FIELD_TYPE, FIXED_LENGTH, MIN_LENGTH, MAX_LENGTH, PRE_RULE_ID, POST_RULE_ID, DEFAULT_VALUE, USER_EXIT_NAME, GROUP_NAME_FIELD, GROUP_LENGTH_FIELD, GROUP_ITERATION_FIELD, GROUP_LENGTH, PAD_CHARACTER, DESCRIPTION, LOV_ID, RULE_PARAMETER, FIELD_DATA_TYPE, FIELD_DATA_SIZE) VALUES ( 'NPCI_AUTH_RES_OUT','process_AUTHResult','Pan','ALPHA','N','0',null,'AatharToPan',null,'null',null,'N','N','N',null,null,null,null,null,null,null );
INSERT INTO ML004MB( TRAN_FMT_ID, FMT_ID, FIELD_ID, FIELD_TYPE, FIXED_LENGTH, MIN_LENGTH, MAX_LENGTH, PRE_RULE_ID, POST_RULE_ID, DEFAULT_VALUE, USER_EXIT_NAME, GROUP_NAME_FIELD, GROUP_LENGTH_FIELD, GROUP_ITERATION_FIELD, GROUP_LENGTH, PAD_CHARACTER, DESCRIPTION, LOV_ID, RULE_PARAMETER, FIELD_DATA_TYPE, FIELD_DATA_SIZE) VALUES ( 'NPCI_AUTH_RES_OUT','process_AUTHResult','ResponseCode','ALPHA','N','0',null,null,null,'null',null,'N','N','N',null,null,null,null,null,null,null );
INSERT INTO ML004MB( TRAN_FMT_ID, FMT_ID, FIELD_ID, FIELD_TYPE, FIXED_LENGTH, MIN_LENGTH, MAX_LENGTH, PRE_RULE_ID, POST_RULE_ID, DEFAULT_VALUE, USER_EXIT_NAME, GROUP_NAME_FIELD, GROUP_LENGTH_FIELD, GROUP_ITERATION_FIELD, GROUP_LENGTH, PAD_CHARACTER, DESCRIPTION, LOV_ID, RULE_PARAMETER, FIELD_DATA_TYPE, FIELD_DATA_SIZE) VALUES ( 'NPCI_AUTH_RES_OUT','process_AUTHResult','ResponseDesc','ALPHA','N','0',null,null,null,'null','com.polaris.integrator.msgformatter.NPCI_GetResCodeDesc','N','N','N',null,null,null,null,null,null,null );
INSERT INTO ML004MB( TRAN_FMT_ID, FMT_ID, FIELD_ID, FIELD_TYPE, FIXED_LENGTH, MIN_LENGTH, MAX_LENGTH, PRE_RULE_ID, POST_RULE_ID, DEFAULT_VALUE, USER_EXIT_NAME, GROUP_NAME_FIELD, GROUP_LENGTH_FIELD, GROUP_ITERATION_FIELD, GROUP_LENGTH, PAD_CHARACTER, DESCRIPTION, LOV_ID, RULE_PARAMETER, FIELD_DATA_TYPE, FIELD_DATA_SIZE) VALUES ( 'NPCI_AUTH_RES_OUT','process_AUTHResult','Settlementdate','ALPHA','N','0',null,null,null,'null',null,'N','N','N',null,null,null,null,null,null,null );
INSERT INTO ML004MB( TRAN_FMT_ID, FMT_ID, FIELD_ID, FIELD_TYPE, FIXED_LENGTH, MIN_LENGTH, MAX_LENGTH, PRE_RULE_ID, POST_RULE_ID, DEFAULT_VALUE, USER_EXIT_NAME, GROUP_NAME_FIELD, GROUP_LENGTH_FIELD, GROUP_ITERATION_FIELD, GROUP_LENGTH, PAD_CHARACTER, DESCRIPTION, LOV_ID, RULE_PARAMETER, FIELD_DATA_TYPE, FIELD_DATA_SIZE) VALUES ( 'NPCI_AUTH_RES_OUT','process_AUTHResult','Stan','ALPHA','N','0',null,null,null,'null',null,'N','N','N',null,null,null,null,null,null,null );
INSERT INTO ML004MB( TRAN_FMT_ID, FMT_ID, FIELD_ID, FIELD_TYPE, FIXED_LENGTH, MIN_LENGTH, MAX_LENGTH, PRE_RULE_ID, POST_RULE_ID, DEFAULT_VALUE, USER_EXIT_NAME, GROUP_NAME_FIELD, GROUP_LENGTH_FIELD, GROUP_ITERATION_FIELD, GROUP_LENGTH, PAD_CHARACTER, DESCRIPTION, LOV_ID, RULE_PARAMETER, FIELD_DATA_TYPE, FIELD_DATA_SIZE) VALUES ( 'NPCI_AUTH_RES_OUT','process_AUTHResult','Transm_Date_time','ALPHA','N','0',null,null,null,'null',null,'N','N','N',null,null,null,null,null,null,null );
INSERT INTO ML004MB( TRAN_FMT_ID, FMT_ID, FIELD_ID, FIELD_TYPE, FIXED_LENGTH, MIN_LENGTH, MAX_LENGTH, PRE_RULE_ID, POST_RULE_ID, DEFAULT_VALUE, USER_EXIT_NAME, GROUP_NAME_FIELD, GROUP_LENGTH_FIELD, GROUP_ITERATION_FIELD, GROUP_LENGTH, PAD_CHARACTER, DESCRIPTION, LOV_ID, RULE_PARAMETER, FIELD_DATA_TYPE, FIELD_DATA_SIZE) VALUES ( 'NPCI_AUTH_RES_OUT','process_AUTHResult','YearDateStan','ALPHA','N','0',null,null,null,'null',null,'N','N','N',null,null,null,null,null,null,null );
INSERT INTO ML004MB( TRAN_FMT_ID, FMT_ID, FIELD_ID, FIELD_TYPE, FIXED_LENGTH, MIN_LENGTH, MAX_LENGTH, PRE_RULE_ID, POST_RULE_ID, DEFAULT_VALUE, USER_EXIT_NAME, GROUP_NAME_FIELD, GROUP_LENGTH_FIELD, GROUP_ITERATION_FIELD, GROUP_LENGTH, PAD_CHARACTER, DESCRIPTION, LOV_ID, RULE_PARAMETER, FIELD_DATA_TYPE, FIELD_DATA_SIZE) VALUES ( 'NPCI_AUTH_RES_OUT','process_AUTHResult','amount','ALPHA','N','0',null,null,null,'null',null,'N','N','N',null,null,null,null,null,null,null );
INSERT INTO ML004MB( TRAN_FMT_ID, FMT_ID, FIELD_ID, FIELD_TYPE, FIXED_LENGTH, MIN_LENGTH, MAX_LENGTH, PRE_RULE_ID, POST_RULE_ID, DEFAULT_VALUE, USER_EXIT_NAME, GROUP_NAME_FIELD, GROUP_LENGTH_FIELD, GROUP_ITERATION_FIELD, GROUP_LENGTH, PAD_CHARACTER, DESCRIPTION, LOV_ID, RULE_PARAMETER, FIELD_DATA_TYPE, FIELD_DATA_SIZE) VALUES ( 'NPCI_AUTH_RES_OUT','process_AUTHResult','currency_code','ALPHA','N','0',null,null,null,'null',null,'N','N','N',null,null,null,null,null,null,null );
INSERT INTO ML004MB( TRAN_FMT_ID, FMT_ID, FIELD_ID, FIELD_TYPE, FIXED_LENGTH, MIN_LENGTH, MAX_LENGTH, PRE_RULE_ID, POST_RULE_ID, DEFAULT_VALUE, USER_EXIT_NAME, GROUP_NAME_FIELD, GROUP_LENGTH_FIELD, GROUP_ITERATION_FIELD, GROUP_LENGTH, PAD_CHARACTER, DESCRIPTION, LOV_ID, RULE_PARAMETER, FIELD_DATA_TYPE, FIELD_DATA_SIZE) VALUES ( 'NPCI_AUTH_RES_OUT','process_AUTHResult','date','ALPHA','N','0',null,null,null,'null',null,'N','N','N',null,null,null,null,null,null,null );
INSERT INTO ML004MB( TRAN_FMT_ID, FMT_ID, FIELD_ID, FIELD_TYPE, FIXED_LENGTH, MIN_LENGTH, MAX_LENGTH, PRE_RULE_ID, POST_RULE_ID, DEFAULT_VALUE, USER_EXIT_NAME, GROUP_NAME_FIELD, GROUP_LENGTH_FIELD, GROUP_ITERATION_FIELD, GROUP_LENGTH, PAD_CHARACTER, DESCRIPTION, LOV_ID, RULE_PARAMETER, FIELD_DATA_TYPE, FIELD_DATA_SIZE) VALUES ( 'NPCI_AUTH_RES_OUT','process_AUTHResult','fees','ALPHA','N','0',null,null,null,'null',null,'N','N','N',null,null,null,null,null,null,null );
INSERT INTO ML004MB( TRAN_FMT_ID, FMT_ID, FIELD_ID, FIELD_TYPE, FIXED_LENGTH, MIN_LENGTH, MAX_LENGTH, PRE_RULE_ID, POST_RULE_ID, DEFAULT_VALUE, USER_EXIT_NAME, GROUP_NAME_FIELD, GROUP_LENGTH_FIELD, GROUP_ITERATION_FIELD, GROUP_LENGTH, PAD_CHARACTER, DESCRIPTION, LOV_ID, RULE_PARAMETER, FIELD_DATA_TYPE, FIELD_DATA_SIZE) VALUES ( 'NPCI_AUTH_RES_OUT','process_AUTHResult','processing_code','ALPHA','N','0',null,null,null,'null',null,'N','N','N',null,null,null,null,null,null,null );
INSERT INTO ML004MB( TRAN_FMT_ID, FMT_ID, FIELD_ID, FIELD_TYPE, FIXED_LENGTH, MIN_LENGTH, MAX_LENGTH, PRE_RULE_ID, POST_RULE_ID, DEFAULT_VALUE, USER_EXIT_NAME, GROUP_NAME_FIELD, GROUP_LENGTH_FIELD, GROUP_ITERATION_FIELD, GROUP_LENGTH, PAD_CHARACTER, DESCRIPTION, LOV_ID, RULE_PARAMETER, FIELD_DATA_TYPE, FIELD_DATA_SIZE) VALUES ( 'NPCI_AUTH_RES_OUT','process_AUTHResult','terminal_id','ALPHA','N','0',null,null,null,'null',null,'N','N','N',null,null,null,null,null,null,null );
INSERT INTO ML004MB( TRAN_FMT_ID, FMT_ID, FIELD_ID, FIELD_TYPE, FIXED_LENGTH, MIN_LENGTH, MAX_LENGTH, PRE_RULE_ID, POST_RULE_ID, DEFAULT_VALUE, USER_EXIT_NAME, GROUP_NAME_FIELD, GROUP_LENGTH_FIELD, GROUP_ITERATION_FIELD, GROUP_LENGTH, PAD_CHARACTER, DESCRIPTION, LOV_ID, RULE_PARAMETER, FIELD_DATA_TYPE, FIELD_DATA_SIZE) VALUES ( 'NPCI_AUTH_RES_OUT','process_AUTHResult','time','ALPHA','N','0',null,null,null,'null',null,'N','N','N',null,null,null,null,null,null,null );

--ML003MB REQUEST_IN--
DELETE FROM ML003MB WHERE TRAN_FMT_ID = 'NPCI_AUTH_REQ_IN';
INSERT INTO ML003MB( TRAN_FMT_ID, FMT_ID, FIELD_SEQUENCE, FIELD_REFERENCE, FIELD_TYPE, FIELD_PRESENCE, REPETITIVE, DESCRIPTION) VALUES ( 'NPCI_AUTH_REQ_IN','Bios',1,'Bio','C','M',10,null );
INSERT INTO ML003MB( TRAN_FMT_ID, FMT_ID, FIELD_SEQUENCE, FIELD_REFERENCE, FIELD_TYPE, FIELD_PRESENCE, REPETITIVE, DESCRIPTION) VALUES ( 'NPCI_AUTH_REQ_IN','process_AUTH',1,'MTI','S','O',1,null );
INSERT INTO ML003MB( TRAN_FMT_ID, FMT_ID, FIELD_SEQUENCE, FIELD_REFERENCE, FIELD_TYPE, FIELD_PRESENCE, REPETITIVE, DESCRIPTION) VALUES ( 'NPCI_AUTH_REQ_IN','Bio',1,'posh','S','M',1,null );
INSERT INTO ML003MB( TRAN_FMT_ID, FMT_ID, FIELD_SEQUENCE, FIELD_REFERENCE, FIELD_TYPE, FIELD_PRESENCE, REPETITIVE, DESCRIPTION) VALUES ( 'NPCI_AUTH_REQ_IN','NPCI_AUTH_REQ_IN',1,'process_AUTH','C','M',1,null );
INSERT INTO ML003MB( TRAN_FMT_ID, FMT_ID, FIELD_SEQUENCE, FIELD_REFERENCE, FIELD_TYPE, FIELD_PRESENCE, REPETITIVE, DESCRIPTION) VALUES ( 'NPCI_AUTH_REQ_IN','Rbd',1,'ts','S','M',1,null );
INSERT INTO ML003MB( TRAN_FMT_ID, FMT_ID, FIELD_SEQUENCE, FIELD_REFERENCE, FIELD_TYPE, FIELD_PRESENCE, REPETITIVE, DESCRIPTION) VALUES ( 'NPCI_AUTH_REQ_IN','Bio',2,'Bio_VALUE','S','M',10,null );
INSERT INTO ML003MB( TRAN_FMT_ID, FMT_ID, FIELD_SEQUENCE, FIELD_REFERENCE, FIELD_TYPE, FIELD_PRESENCE, REPETITIVE, DESCRIPTION) VALUES ( 'NPCI_AUTH_REQ_IN','process_AUTH',2,'Pan','S','M',1,null );
INSERT INTO ML003MB( TRAN_FMT_ID, FMT_ID, FIELD_SEQUENCE, FIELD_REFERENCE, FIELD_TYPE, FIELD_PRESENCE, REPETITIVE, DESCRIPTION) VALUES ( 'NPCI_AUTH_REQ_IN','Rbd',2,'ci','S','O',1,null );
INSERT INTO ML003MB( TRAN_FMT_ID, FMT_ID, FIELD_SEQUENCE, FIELD_REFERENCE, FIELD_TYPE, FIELD_PRESENCE, REPETITIVE, DESCRIPTION) VALUES ( 'NPCI_AUTH_REQ_IN','Rbd',3,'ac','S','O',1,null );
INSERT INTO ML003MB( TRAN_FMT_ID, FMT_ID, FIELD_SEQUENCE, FIELD_REFERENCE, FIELD_TYPE, FIELD_PRESENCE, REPETITIVE, DESCRIPTION) VALUES ( 'NPCI_AUTH_REQ_IN','process_AUTH',3,'processing_code','S','O',1,null );
INSERT INTO ML003MB( TRAN_FMT_ID, FMT_ID, FIELD_SEQUENCE, FIELD_REFERENCE, FIELD_TYPE, FIELD_PRESENCE, REPETITIVE, DESCRIPTION) VALUES ( 'NPCI_AUTH_REQ_IN','process_AUTH',4,'amount','S','O',1,null );
INSERT INTO ML003MB( TRAN_FMT_ID, FMT_ID, FIELD_SEQUENCE, FIELD_REFERENCE, FIELD_TYPE, FIELD_PRESENCE, REPETITIVE, DESCRIPTION) VALUES ( 'NPCI_AUTH_REQ_IN','Rbd',4,'sa','S','O',1,null );
INSERT INTO ML003MB( TRAN_FMT_ID, FMT_ID, FIELD_SEQUENCE, FIELD_REFERENCE, FIELD_TYPE, FIELD_PRESENCE, REPETITIVE, DESCRIPTION) VALUES ( 'NPCI_AUTH_REQ_IN','process_AUTH',5,'Transm_Date_time','S','M',1,null );
INSERT INTO ML003MB( TRAN_FMT_ID, FMT_ID, FIELD_SEQUENCE, FIELD_REFERENCE, FIELD_TYPE, FIELD_PRESENCE, REPETITIVE, DESCRIPTION) VALUES ( 'NPCI_AUTH_REQ_IN','Rbd',5,'lk','S','O',1,null );
INSERT INTO ML003MB( TRAN_FMT_ID, FMT_ID, FIELD_SEQUENCE, FIELD_REFERENCE, FIELD_TYPE, FIELD_PRESENCE, REPETITIVE, DESCRIPTION) VALUES ( 'NPCI_AUTH_REQ_IN','Rbd',6,'Bios','C','M',1,null );
INSERT INTO ML003MB( TRAN_FMT_ID, FMT_ID, FIELD_SEQUENCE, FIELD_REFERENCE, FIELD_TYPE, FIELD_PRESENCE, REPETITIVE, DESCRIPTION) VALUES ( 'NPCI_AUTH_REQ_IN','process_AUTH',6,'Stan','S','M',1,null );
INSERT INTO ML003MB( TRAN_FMT_ID, FMT_ID, FIELD_SEQUENCE, FIELD_REFERENCE, FIELD_TYPE, FIELD_PRESENCE, REPETITIVE, DESCRIPTION) VALUES ( 'NPCI_AUTH_REQ_IN','process_AUTH',7,'time','S','O',1,null );
INSERT INTO ML003MB( TRAN_FMT_ID, FMT_ID, FIELD_SEQUENCE, FIELD_REFERENCE, FIELD_TYPE, FIELD_PRESENCE, REPETITIVE, DESCRIPTION) VALUES ( 'NPCI_AUTH_REQ_IN','process_AUTH',8,'date','S','O',1,null );
INSERT INTO ML003MB( TRAN_FMT_ID, FMT_ID, FIELD_SEQUENCE, FIELD_REFERENCE, FIELD_TYPE, FIELD_PRESENCE, REPETITIVE, DESCRIPTION) VALUES ( 'NPCI_AUTH_REQ_IN','process_AUTH',9,'merchant_type','S','O',1,null );
INSERT INTO ML003MB( TRAN_FMT_ID, FMT_ID, FIELD_SEQUENCE, FIELD_REFERENCE, FIELD_TYPE, FIELD_PRESENCE, REPETITIVE, DESCRIPTION) VALUES ( 'NPCI_AUTH_REQ_IN','process_AUTH',10,'terminal_id','S','O',1,null );
INSERT INTO ML003MB( TRAN_FMT_ID, FMT_ID, FIELD_SEQUENCE, FIELD_REFERENCE, FIELD_TYPE, FIELD_PRESENCE, REPETITIVE, DESCRIPTION) VALUES ( 'NPCI_AUTH_REQ_IN','process_AUTH',11,'currency_code','O','M',1,null );
INSERT INTO ML003MB( TRAN_FMT_ID, FMT_ID, FIELD_SEQUENCE, FIELD_REFERENCE, FIELD_TYPE, FIELD_PRESENCE, REPETITIVE, DESCRIPTION) VALUES ( 'NPCI_AUTH_REQ_IN','process_AUTH',12,'pos_data_code','S','O',1,null );
INSERT INTO ML003MB( TRAN_FMT_ID, FMT_ID, FIELD_SEQUENCE, FIELD_REFERENCE, FIELD_TYPE, FIELD_PRESENCE, REPETITIVE, DESCRIPTION) VALUES ( 'NPCI_AUTH_REQ_IN','process_AUTH',13,'Rbd','C','M',1,null );

--ML003MB REQUEST_OUT--
DELETE FROM ML003MB WHERE TRAN_FMT_ID = 'NPCI_AUTH_REQ_OUT';
INSERT INTO ML003MB( TRAN_FMT_ID, FMT_ID, FIELD_SEQUENCE, FIELD_REFERENCE, FIELD_TYPE, FIELD_PRESENCE, REPETITIVE, DESCRIPTION) VALUES ( 'NPCI_AUTH_REQ_OUT','Bios',1,'Bio','C','M',10,null );
INSERT INTO ML003MB( TRAN_FMT_ID, FMT_ID, FIELD_SEQUENCE, FIELD_REFERENCE, FIELD_TYPE, FIELD_PRESENCE, REPETITIVE, DESCRIPTION) VALUES ( 'NPCI_AUTH_REQ_OUT','process_AUTH',1,'MTI','S','O',1,null );
INSERT INTO ML003MB( TRAN_FMT_ID, FMT_ID, FIELD_SEQUENCE, FIELD_REFERENCE, FIELD_TYPE, FIELD_PRESENCE, REPETITIVE, DESCRIPTION) VALUES ( 'NPCI_AUTH_REQ_OUT','Bio',1,'posh','S','M',1,null );
INSERT INTO ML003MB( TRAN_FMT_ID, FMT_ID, FIELD_SEQUENCE, FIELD_REFERENCE, FIELD_TYPE, FIELD_PRESENCE, REPETITIVE, DESCRIPTION) VALUES ( 'NPCI_AUTH_REQ_OUT','NPCI_AUTH_REQ_OUT',1,'process_AUTH','C','M',1,null );
INSERT INTO ML003MB( TRAN_FMT_ID, FMT_ID, FIELD_SEQUENCE, FIELD_REFERENCE, FIELD_TYPE, FIELD_PRESENCE, REPETITIVE, DESCRIPTION) VALUES ( 'NPCI_AUTH_REQ_OUT','Rbd',1,'ts','S','M',1,null );
INSERT INTO ML003MB( TRAN_FMT_ID, FMT_ID, FIELD_SEQUENCE, FIELD_REFERENCE, FIELD_TYPE, FIELD_PRESENCE, REPETITIVE, DESCRIPTION) VALUES ( 'NPCI_AUTH_REQ_OUT','Bio',2,'Bio_VALUE','S','M',10,null );
INSERT INTO ML003MB( TRAN_FMT_ID, FMT_ID, FIELD_SEQUENCE, FIELD_REFERENCE, FIELD_TYPE, FIELD_PRESENCE, REPETITIVE, DESCRIPTION) VALUES ( 'NPCI_AUTH_REQ_OUT','process_AUTH',2,'Pan','S','M',1,null );
INSERT INTO ML003MB( TRAN_FMT_ID, FMT_ID, FIELD_SEQUENCE, FIELD_REFERENCE, FIELD_TYPE, FIELD_PRESENCE, REPETITIVE, DESCRIPTION) VALUES ( 'NPCI_AUTH_REQ_OUT','Rbd',2,'ci','S','O',1,null );
INSERT INTO ML003MB( TRAN_FMT_ID, FMT_ID, FIELD_SEQUENCE, FIELD_REFERENCE, FIELD_TYPE, FIELD_PRESENCE, REPETITIVE, DESCRIPTION) VALUES ( 'NPCI_AUTH_REQ_OUT','Rbd',3,'ac','S','O',1,null );
INSERT INTO ML003MB( TRAN_FMT_ID, FMT_ID, FIELD_SEQUENCE, FIELD_REFERENCE, FIELD_TYPE, FIELD_PRESENCE, REPETITIVE, DESCRIPTION) VALUES ( 'NPCI_AUTH_REQ_OUT','process_AUTH',3,'processing_code','S','O',1,null );
INSERT INTO ML003MB( TRAN_FMT_ID, FMT_ID, FIELD_SEQUENCE, FIELD_REFERENCE, FIELD_TYPE, FIELD_PRESENCE, REPETITIVE, DESCRIPTION) VALUES ( 'NPCI_AUTH_REQ_OUT','Bio',3,'ver','S','O',10,null );
INSERT INTO ML003MB( TRAN_FMT_ID, FMT_ID, FIELD_SEQUENCE, FIELD_REFERENCE, FIELD_TYPE, FIELD_PRESENCE, REPETITIVE, DESCRIPTION) VALUES ( 'NPCI_AUTH_REQ_OUT','process_AUTH',4,'amount','S','O',1,null );
INSERT INTO ML003MB( TRAN_FMT_ID, FMT_ID, FIELD_SEQUENCE, FIELD_REFERENCE, FIELD_TYPE, FIELD_PRESENCE, REPETITIVE, DESCRIPTION) VALUES ( 'NPCI_AUTH_REQ_OUT','Rbd',4,'sa','S','O',1,null );
INSERT INTO ML003MB( TRAN_FMT_ID, FMT_ID, FIELD_SEQUENCE, FIELD_REFERENCE, FIELD_TYPE, FIELD_PRESENCE, REPETITIVE, DESCRIPTION) VALUES ( 'NPCI_AUTH_REQ_OUT','Bio',4,'type','S','O',10,null );
INSERT INTO ML003MB( TRAN_FMT_ID, FMT_ID, FIELD_SEQUENCE, FIELD_REFERENCE, FIELD_TYPE, FIELD_PRESENCE, REPETITIVE, DESCRIPTION) VALUES ( 'NPCI_AUTH_REQ_OUT','process_AUTH',5,'Transm_Date_time','S','M',1,null );
INSERT INTO ML003MB( TRAN_FMT_ID, FMT_ID, FIELD_SEQUENCE, FIELD_REFERENCE, FIELD_TYPE, FIELD_PRESENCE, REPETITIVE, DESCRIPTION) VALUES ( 'NPCI_AUTH_REQ_OUT','Rbd',5,'lk','S','O',1,null );
INSERT INTO ML003MB( TRAN_FMT_ID, FMT_ID, FIELD_SEQUENCE, FIELD_REFERENCE, FIELD_TYPE, FIELD_PRESENCE, REPETITIVE, DESCRIPTION) VALUES ( 'NPCI_AUTH_REQ_OUT','Rbd',6,'Bios','C','M',1,null );
INSERT INTO ML003MB( TRAN_FMT_ID, FMT_ID, FIELD_SEQUENCE, FIELD_REFERENCE, FIELD_TYPE, FIELD_PRESENCE, REPETITIVE, DESCRIPTION) VALUES ( 'NPCI_AUTH_REQ_OUT','process_AUTH',6,'Stan','S','M',1,null );
INSERT INTO ML003MB( TRAN_FMT_ID, FMT_ID, FIELD_SEQUENCE, FIELD_REFERENCE, FIELD_TYPE, FIELD_PRESENCE, REPETITIVE, DESCRIPTION) VALUES ( 'NPCI_AUTH_REQ_OUT','process_AUTH',7,'time','S','O',1,null );
INSERT INTO ML003MB( TRAN_FMT_ID, FMT_ID, FIELD_SEQUENCE, FIELD_REFERENCE, FIELD_TYPE, FIELD_PRESENCE, REPETITIVE, DESCRIPTION) VALUES ( 'NPCI_AUTH_REQ_OUT','process_AUTH',8,'date','S','O',1,null );
INSERT INTO ML003MB( TRAN_FMT_ID, FMT_ID, FIELD_SEQUENCE, FIELD_REFERENCE, FIELD_TYPE, FIELD_PRESENCE, REPETITIVE, DESCRIPTION) VALUES ( 'NPCI_AUTH_REQ_OUT','process_AUTH',9,'merchant_type','S','O',1,null );
INSERT INTO ML003MB( TRAN_FMT_ID, FMT_ID, FIELD_SEQUENCE, FIELD_REFERENCE, FIELD_TYPE, FIELD_PRESENCE, REPETITIVE, DESCRIPTION) VALUES ( 'NPCI_AUTH_REQ_OUT','process_AUTH',10,'terminal_id','S','O',1,null );
INSERT INTO ML003MB( TRAN_FMT_ID, FMT_ID, FIELD_SEQUENCE, FIELD_REFERENCE, FIELD_TYPE, FIELD_PRESENCE, REPETITIVE, DESCRIPTION) VALUES ( 'NPCI_AUTH_REQ_OUT','process_AUTH',11,'currency_code','O','M',1,null );
INSERT INTO ML003MB( TRAN_FMT_ID, FMT_ID, FIELD_SEQUENCE, FIELD_REFERENCE, FIELD_TYPE, FIELD_PRESENCE, REPETITIVE, DESCRIPTION) VALUES ( 'NPCI_AUTH_REQ_OUT','process_AUTH',12,'pos_data_code','S','O',1,null );
INSERT INTO ML003MB( TRAN_FMT_ID, FMT_ID, FIELD_SEQUENCE, FIELD_REFERENCE, FIELD_TYPE, FIELD_PRESENCE, REPETITIVE, DESCRIPTION) VALUES ( 'NPCI_AUTH_REQ_OUT','process_AUTH',13,'Rbd','C','M',1,null );

--ML003MB RESPONSE_IN--
DELETE FROM ML003MB WHERE TRAN_FMT_ID = 'NPCI_AUTH_RES_IN';
INSERT INTO ML003MB( TRAN_FMT_ID, FMT_ID, FIELD_SEQUENCE, FIELD_REFERENCE, FIELD_TYPE, FIELD_PRESENCE, REPETITIVE, DESCRIPTION) VALUES ( 'NPCI_AUTH_RES_IN','process_AUTHResult',1,'MTI','S','O',1,null );
INSERT INTO ML003MB( TRAN_FMT_ID, FMT_ID, FIELD_SEQUENCE, FIELD_REFERENCE, FIELD_TYPE, FIELD_PRESENCE, REPETITIVE, DESCRIPTION) VALUES ( 'NPCI_AUTH_RES_IN','NPCI_AUTH_RES_IN',1,'process_AUTHResult','C','O',1,null );
INSERT INTO ML003MB( TRAN_FMT_ID, FMT_ID, FIELD_SEQUENCE, FIELD_REFERENCE, FIELD_TYPE, FIELD_PRESENCE, REPETITIVE, DESCRIPTION) VALUES ( 'NPCI_AUTH_RES_IN','process_AUTHResult',2,'Pan','S','O',1,null );
INSERT INTO ML003MB( TRAN_FMT_ID, FMT_ID, FIELD_SEQUENCE, FIELD_REFERENCE, FIELD_TYPE, FIELD_PRESENCE, REPETITIVE, DESCRIPTION) VALUES ( 'NPCI_AUTH_RES_IN','process_AUTHResult',3,'processing_code','S','O',1,null );
INSERT INTO ML003MB( TRAN_FMT_ID, FMT_ID, FIELD_SEQUENCE, FIELD_REFERENCE, FIELD_TYPE, FIELD_PRESENCE, REPETITIVE, DESCRIPTION) VALUES ( 'NPCI_AUTH_RES_IN','process_AUTHResult',4,'amount','S','O',1,null );
INSERT INTO ML003MB( TRAN_FMT_ID, FMT_ID, FIELD_SEQUENCE, FIELD_REFERENCE, FIELD_TYPE, FIELD_PRESENCE, REPETITIVE, DESCRIPTION) VALUES ( 'NPCI_AUTH_RES_IN','process_AUTHResult',5,'Transm_Date_time','S','O',1,null );
INSERT INTO ML003MB( TRAN_FMT_ID, FMT_ID, FIELD_SEQUENCE, FIELD_REFERENCE, FIELD_TYPE, FIELD_PRESENCE, REPETITIVE, DESCRIPTION) VALUES ( 'NPCI_AUTH_RES_IN','process_AUTHResult',6,'Stan','S','O',1,null );
INSERT INTO ML003MB( TRAN_FMT_ID, FMT_ID, FIELD_SEQUENCE, FIELD_REFERENCE, FIELD_TYPE, FIELD_PRESENCE, REPETITIVE, DESCRIPTION) VALUES ( 'NPCI_AUTH_RES_IN','process_AUTHResult',7,'time','S','O',1,null );
INSERT INTO ML003MB( TRAN_FMT_ID, FMT_ID, FIELD_SEQUENCE, FIELD_REFERENCE, FIELD_TYPE, FIELD_PRESENCE, REPETITIVE, DESCRIPTION) VALUES ( 'NPCI_AUTH_RES_IN','process_AUTHResult',8,'date','S','O',1,null );
INSERT INTO ML003MB( TRAN_FMT_ID, FMT_ID, FIELD_SEQUENCE, FIELD_REFERENCE, FIELD_TYPE, FIELD_PRESENCE, REPETITIVE, DESCRIPTION) VALUES ( 'NPCI_AUTH_RES_IN','process_AUTHResult',9,'Settlementdate','S','O',1,null );
INSERT INTO ML003MB( TRAN_FMT_ID, FMT_ID, FIELD_SEQUENCE, FIELD_REFERENCE, FIELD_TYPE, FIELD_PRESENCE, REPETITIVE, DESCRIPTION) VALUES ( 'NPCI_AUTH_RES_IN','process_AUTHResult',10,'fees','S','O',1,null );
INSERT INTO ML003MB( TRAN_FMT_ID, FMT_ID, FIELD_SEQUENCE, FIELD_REFERENCE, FIELD_TYPE, FIELD_PRESENCE, REPETITIVE, DESCRIPTION) VALUES ( 'NPCI_AUTH_RES_IN','process_AUTHResult',11,'YearDateStan','S','O',1,null );
INSERT INTO ML003MB( TRAN_FMT_ID, FMT_ID, FIELD_SEQUENCE, FIELD_REFERENCE, FIELD_TYPE, FIELD_PRESENCE, REPETITIVE, DESCRIPTION) VALUES ( 'NPCI_AUTH_RES_IN','process_AUTHResult',12,'ResponseCode','S','O',1,null );
INSERT INTO ML003MB( TRAN_FMT_ID, FMT_ID, FIELD_SEQUENCE, FIELD_REFERENCE, FIELD_TYPE, FIELD_PRESENCE, REPETITIVE, DESCRIPTION) VALUES ( 'NPCI_AUTH_RES_IN','process_AUTHResult',13,'terminal_id','S','O',1,null );
INSERT INTO ML003MB( TRAN_FMT_ID, FMT_ID, FIELD_SEQUENCE, FIELD_REFERENCE, FIELD_TYPE, FIELD_PRESENCE, REPETITIVE, DESCRIPTION) VALUES ( 'NPCI_AUTH_RES_IN','process_AUTHResult',14,'CardAcceptorIdCode','S','O',1,null );
INSERT INTO ML003MB( TRAN_FMT_ID, FMT_ID, FIELD_SEQUENCE, FIELD_REFERENCE, FIELD_TYPE, FIELD_PRESENCE, REPETITIVE, DESCRIPTION) VALUES ( 'NPCI_AUTH_RES_IN','process_AUTHResult',15,'AuthID','S','M',1,null );
INSERT INTO ML003MB( TRAN_FMT_ID, FMT_ID, FIELD_SEQUENCE, FIELD_REFERENCE, FIELD_TYPE, FIELD_PRESENCE, REPETITIVE, DESCRIPTION) VALUES ( 'NPCI_AUTH_RES_IN','process_AUTHResult',16,'AdditionalTags','S','O',1,null );

--ML003MB RESPONSE_OUT--
DELETE FROM ML003MB WHERE TRAN_FMT_ID = 'NPCI_AUTH_RES_OUT';
INSERT INTO ML003MB( TRAN_FMT_ID, FMT_ID, FIELD_SEQUENCE, FIELD_REFERENCE, FIELD_TYPE, FIELD_PRESENCE, REPETITIVE, DESCRIPTION) VALUES ( 'NPCI_AUTH_RES_OUT','process_AUTHResult',1,'MTI','S','O',1,null );
INSERT INTO ML003MB( TRAN_FMT_ID, FMT_ID, FIELD_SEQUENCE, FIELD_REFERENCE, FIELD_TYPE, FIELD_PRESENCE, REPETITIVE, DESCRIPTION) VALUES ( 'NPCI_AUTH_RES_OUT','NPCI_AUTH_RES_OUT',1,'process_AUTHResult','C','O',1,null );
INSERT INTO ML003MB( TRAN_FMT_ID, FMT_ID, FIELD_SEQUENCE, FIELD_REFERENCE, FIELD_TYPE, FIELD_PRESENCE, REPETITIVE, DESCRIPTION) VALUES ( 'NPCI_AUTH_RES_OUT','process_AUTHResult',2,'Pan','S','O',1,null );
INSERT INTO ML003MB( TRAN_FMT_ID, FMT_ID, FIELD_SEQUENCE, FIELD_REFERENCE, FIELD_TYPE, FIELD_PRESENCE, REPETITIVE, DESCRIPTION) VALUES ( 'NPCI_AUTH_RES_OUT','process_AUTHResult',3,'processing_code','S','O',1,null );
INSERT INTO ML003MB( TRAN_FMT_ID, FMT_ID, FIELD_SEQUENCE, FIELD_REFERENCE, FIELD_TYPE, FIELD_PRESENCE, REPETITIVE, DESCRIPTION) VALUES ( 'NPCI_AUTH_RES_OUT','process_AUTHResult',4,'amount','S','O',1,null );
INSERT INTO ML003MB( TRAN_FMT_ID, FMT_ID, FIELD_SEQUENCE, FIELD_REFERENCE, FIELD_TYPE, FIELD_PRESENCE, REPETITIVE, DESCRIPTION) VALUES ( 'NPCI_AUTH_RES_OUT','process_AUTHResult',5,'Transm_Date_time','S','O',1,null );
INSERT INTO ML003MB( TRAN_FMT_ID, FMT_ID, FIELD_SEQUENCE, FIELD_REFERENCE, FIELD_TYPE, FIELD_PRESENCE, REPETITIVE, DESCRIPTION) VALUES ( 'NPCI_AUTH_RES_OUT','process_AUTHResult',6,'Stan','S','O',1,null );
INSERT INTO ML003MB( TRAN_FMT_ID, FMT_ID, FIELD_SEQUENCE, FIELD_REFERENCE, FIELD_TYPE, FIELD_PRESENCE, REPETITIVE, DESCRIPTION) VALUES ( 'NPCI_AUTH_RES_OUT','process_AUTHResult',7,'time','S','O',1,null );
INSERT INTO ML003MB( TRAN_FMT_ID, FMT_ID, FIELD_SEQUENCE, FIELD_REFERENCE, FIELD_TYPE, FIELD_PRESENCE, REPETITIVE, DESCRIPTION) VALUES ( 'NPCI_AUTH_RES_OUT','process_AUTHResult',8,'date','S','O',1,null );
INSERT INTO ML003MB( TRAN_FMT_ID, FMT_ID, FIELD_SEQUENCE, FIELD_REFERENCE, FIELD_TYPE, FIELD_PRESENCE, REPETITIVE, DESCRIPTION) VALUES ( 'NPCI_AUTH_RES_OUT','process_AUTHResult',9,'Settlementdate','S','O',1,null );
INSERT INTO ML003MB( TRAN_FMT_ID, FMT_ID, FIELD_SEQUENCE, FIELD_REFERENCE, FIELD_TYPE, FIELD_PRESENCE, REPETITIVE, DESCRIPTION) VALUES ( 'NPCI_AUTH_RES_OUT','process_AUTHResult',10,'fees','S','O',1,null );
INSERT INTO ML003MB( TRAN_FMT_ID, FMT_ID, FIELD_SEQUENCE, FIELD_REFERENCE, FIELD_TYPE, FIELD_PRESENCE, REPETITIVE, DESCRIPTION) VALUES ( 'NPCI_AUTH_RES_OUT','process_AUTHResult',11,'YearDateStan','S','O',1,null );
INSERT INTO ML003MB( TRAN_FMT_ID, FMT_ID, FIELD_SEQUENCE, FIELD_REFERENCE, FIELD_TYPE, FIELD_PRESENCE, REPETITIVE, DESCRIPTION) VALUES ( 'NPCI_AUTH_RES_OUT','process_AUTHResult',12,'ResponseCode','S','O',1,null );
INSERT INTO ML003MB( TRAN_FMT_ID, FMT_ID, FIELD_SEQUENCE, FIELD_REFERENCE, FIELD_TYPE, FIELD_PRESENCE, REPETITIVE, DESCRIPTION) VALUES ( 'NPCI_AUTH_RES_OUT','process_AUTHResult',13,'ResponseDesc','S','O',1,null );
INSERT INTO ML003MB( TRAN_FMT_ID, FMT_ID, FIELD_SEQUENCE, FIELD_REFERENCE, FIELD_TYPE, FIELD_PRESENCE, REPETITIVE, DESCRIPTION) VALUES ( 'NPCI_AUTH_RES_OUT','process_AUTHResult',14,'terminal_id','S','O',1,null );
INSERT INTO ML003MB( TRAN_FMT_ID, FMT_ID, FIELD_SEQUENCE, FIELD_REFERENCE, FIELD_TYPE, FIELD_PRESENCE, REPETITIVE, DESCRIPTION) VALUES ( 'NPCI_AUTH_RES_OUT','process_AUTHResult',15,'CardAcceptorIdCode','S','O',1,null );
INSERT INTO ML003MB( TRAN_FMT_ID, FMT_ID, FIELD_SEQUENCE, FIELD_REFERENCE, FIELD_TYPE, FIELD_PRESENCE, REPETITIVE, DESCRIPTION) VALUES ( 'NPCI_AUTH_RES_OUT','process_AUTHResult',16,'AuthID','S','O',1,null );
INSERT INTO ML003MB( TRAN_FMT_ID, FMT_ID, FIELD_SEQUENCE, FIELD_REFERENCE, FIELD_TYPE, FIELD_PRESENCE, REPETITIVE, DESCRIPTION) VALUES ( 'NPCI_AUTH_RES_OUT','process_AUTHResult',17,'AdditionalTags','S','O',1,null );

--DELETE ML001MB,TR920MB,TR910MB--
DELETE FROM ML010MB WHERE MESSAGEID = 'NPCI_AUTH_RES_MSG_ID';
DELETE FROM ML001MB WHERE MSG_ID = 'NPCI_AUTH_REQ_MSG_ID';
DELETE FROM ML001MB WHERE MSG_ID = 'NPCI_AUTH_RES_MSG_ID';
DELETE FROM TR920MB WHERE PARENT_TRANSACTION_ID = 144;
DELETE FROM TR910MB WHERE TRANSACTION_ID = 144;

--ML002MB--
DELETE FROM ML002MB WHERE FMT_ID = 'NPCI_AUTH_REQ_IN';
INSERT INTO ML002MB( FMT_ID, FMT_TYPE, FIELD_DELIMITER, ITERATION_DELIMITER, TERMINATION_CHAR, DESCRIPTION, C_ITERATION_DELIMITER) VALUES ( 'NPCI_AUTH_REQ_IN','MAP',null,null,null,null,null );
DELETE FROM ML002MB WHERE FMT_ID = 'NPCI_AUTH_REQ_OUT';
INSERT INTO ML002MB( FMT_ID, FMT_TYPE, FIELD_DELIMITER, ITERATION_DELIMITER, TERMINATION_CHAR, DESCRIPTION, C_ITERATION_DELIMITER) VALUES ( 'NPCI_AUTH_REQ_OUT','NVP','=',null,'~*',null,null );
DELETE FROM ML002MB WHERE FMT_ID = 'NPCI_AUTH_RES_IN';
INSERT INTO ML002MB( FMT_ID, FMT_TYPE, FIELD_DELIMITER, ITERATION_DELIMITER, TERMINATION_CHAR, DESCRIPTION, C_ITERATION_DELIMITER) VALUES ( 'NPCI_AUTH_RES_IN','NVP','=',null,'~*',null,null );
DELETE FROM ML002MB WHERE FMT_ID = 'NPCI_AUTH_RES_OUT';
INSERT INTO ML002MB( FMT_ID, FMT_TYPE, FIELD_DELIMITER, ITERATION_DELIMITER, TERMINATION_CHAR, DESCRIPTION, C_ITERATION_DELIMITER) VALUES ( 'NPCI_AUTH_RES_OUT','MAP',null,null,null,null,null );

--ML001MB--
INSERT INTO ML001MB( MSG_ID, INFMT_ID, OUTFMT_ID, FIELDMAP_ID, APPENDCRITERIA_ID, SPLITCRITERIA_ID, IN_DATA_USEREXIT, OUT_DATA_USEREXIT, DESCRIPTION, ALTERNATE_FORMAT, MSG_BYPASS_FLG) VALUES ( 'NPCI_AUTH_REQ_MSG_ID','NPCI_AUTH_REQ_IN','NPCI_AUTH_REQ_OUT','NPCI_AUTH_REQ_MAP_ID',null,null,null,'com.polaris.integrator.msgformatter.AEPS_AUTH_REQOUT',null,'N','N' );
INSERT INTO ML001MB( MSG_ID, INFMT_ID, OUTFMT_ID, FIELDMAP_ID, APPENDCRITERIA_ID, SPLITCRITERIA_ID, IN_DATA_USEREXIT, OUT_DATA_USEREXIT, DESCRIPTION, ALTERNATE_FORMAT, MSG_BYPASS_FLG) VALUES ( 'NPCI_AUTH_RES_MSG_ID','NPCI_AUTH_RES_IN','NPCI_AUTH_RES_OUT','NPCI_AUTH_RES_MAP_ID',null,null,'com.polaris.integrator.msgformatter.AEPS_AUTH_RESIN',null,null,'N','N' );

--TR910MB--
INSERT INTO TR910MB( TRANSACTION_ID, TRANSACTION_CODE, DESCRIPTION, COUNTRY, IN_FORMAT, OUT_FORMAT, RULE_PRE_CONDITION, RULE_POST_CONDITION, FORMATTER_TYPE, DELETION_FLAG, DELIVERY_MODE, RESPONSE_DELIVERY_CHANNEL, JIT_FORMAT, AVOIDCOMM, PREFIX_RESP_HDR, IS_AUDIT_ENABLED) VALUES ( 144,'RET_AADHAR_AUTH',null,'INDIA',null,null,'()','()','C','0','SYNC',null,'1','N','Y','N' );

--TR920MB--
INSERT INTO TR920MB( SUB_TXN_ID, PARENT_TRANSACTION_ID, TXN_NAME, TRANSACTION_TYPE, DESCRIPTION, DESTINATION_HOST_ID, COMMUNICATION_MODE, HOST_IN_FORMAT, HOST_OUT_FORMAT, SUCCESS_CRITERIA, ORDER_OF_EXECUTION, TIME_OUT, RULE_PRE_CONDITION, RULE_POST_CONDITION, REPEAT_FLAG, DELETION_FLAG, FORMATTER_TYPE, STORE_FORWARD_ENABLED, ALTERNATE_CHANNEL_ENABLED, SF_MAX_ATTEMPTS, LOOP_SUBTRANSACTION_ENABLED, REFORMATTER_USEREXIT, RESUME_THRESHOLD, BKUP_REQ_DELIVERY) VALUES ( 144,144,'NPCI_AUTH_SUBTRAN','S','AUTH','AUTH_DEST_ID','SS','NPCI_AUTH_REQ_MSG_ID','NPCI_AUTH_RES_MSG_ID','1',1,90000,'()','()','0','0','C','0','0',null,'1',null,null,'N' );

--COMMIT;

  --***************************************************ENDS************************************************************--
